<application>
  <component name="libraryTable">
    <library name="Python 3.7 (application-service) interpreter library">
      <CLASSES>
        <root url="file://$USER_HOME$/AppData/Local/Programs/Python/Python37/DLLs" />
        <root url="file://$USER_HOME$/AppData/Local/Programs/Python/Python37/Lib" />
        <root url="file://$USER_HOME$/AppData/Local/Programs/Python/Python37" />
        <root url="file://C:/Asseco/APO/application-service/venv" />
        <root url="file://C:/Asseco/APO/application-service/venv/Lib/site-packages" />
        <root url="jar://C:/Asseco/APO/application-service/venv/Lib/site-packages/setuptools-40.8.0-py3.7.egg!/" />
        <root url="file://C:/Asseco/APO/application-service/venv/Lib/site-packages/pip-19.0.3-py3.7.egg" />
        <root url="file://$USER_HOME$/.IntelliJIdea2019.2/system/python_stubs/-1923518286" />
        <root url="file://$APPLICATION_PLUGINS_DIR$/python/helpers/python-skeletons" />
        <root url="file://$APPLICATION_PLUGINS_DIR$/python/helpers/typeshed/stdlib/3" />
        <root url="file://$APPLICATION_PLUGINS_DIR$/python/helpers/typeshed/stdlib/2and3" />
        <root url="file://$APPLICATION_PLUGINS_DIR$/python/helpers/typeshed/third_party/3" />
        <root url="file://$APPLICATION_PLUGINS_DIR$/python/helpers/typeshed/third_party/2and3" />
      </CLASSES>
      <JAVADOC />
      <SOURCES>
        <root url="file://$USER_HOME$/AppData/Local/Programs/Python/Python37/DLLs" />
        <root url="file://$USER_HOME$/AppData/Local/Programs/Python/Python37/Lib" />
        <root url="file://$USER_HOME$/AppData/Local/Programs/Python/Python37" />
        <root url="file://C:/Asseco/APO/application-service/venv" />
        <root url="file://C:/Asseco/APO/application-service/venv/Lib/site-packages" />
        <root url="jar://C:/Asseco/APO/application-service/venv/Lib/site-packages/setuptools-40.8.0-py3.7.egg!/" />
        <root url="file://C:/Asseco/APO/application-service/venv/Lib/site-packages/pip-19.0.3-py3.7.egg" />
        <root url="file://$USER_HOME$/.IntelliJIdea2019.2/system/python_stubs/-1923518286" />
        <root url="file://$APPLICATION_PLUGINS_DIR$/python/helpers/python-skeletons" />
        <root url="file://$APPLICATION_PLUGINS_DIR$/python/helpers/typeshed/stdlib/3" />
        <root url="file://$APPLICATION_PLUGINS_DIR$/python/helpers/typeshed/stdlib/2and3" />
        <root url="file://$APPLICATION_PLUGINS_DIR$/python/helpers/typeshed/third_party/3" />
        <root url="file://$APPLICATION_PLUGINS_DIR$/python/helpers/typeshed/third_party/2and3" />
      </SOURCES>
    </library>
    <library name="Python 3.7 (credit-solvency-service) interpreter library">
      <CLASSES>
        <root url="file://$USER_HOME$/AppData/Local/Programs/Python/Python37/DLLs" />
        <root url="file://$USER_HOME$/AppData/Local/Programs/Python/Python37/Lib" />
        <root url="file://$USER_HOME$/AppData/Local/Programs/Python/Python37" />
        <root url="file://C:/Asseco/APO/credit-solvency-service/venv" />
        <root url="file://C:/Asseco/APO/credit-solvency-service/venv/Lib/site-packages" />
        <root url="jar://C:/Asseco/APO/credit-solvency-service/venv/Lib/site-packages/setuptools-40.8.0-py3.7.egg!/" />
        <root url="file://C:/Asseco/APO/credit-solvency-service/venv/Lib/site-packages/pip-19.0.3-py3.7.egg" />
        <root url="file://$USER_HOME$/.IntelliJIdea2019.2/system/python_stubs/-2039322757" />
        <root url="file://$APPLICATION_PLUGINS_DIR$/python/helpers/python-skeletons" />
        <root url="file://$APPLICATION_PLUGINS_DIR$/python/helpers/typeshed/stdlib/3" />
        <root url="file://$APPLICATION_PLUGINS_DIR$/python/helpers/typeshed/stdlib/2and3" />
        <root url="file://$APPLICATION_PLUGINS_DIR$/python/helpers/typeshed/third_party/3" />
        <root url="file://$APPLICATION_PLUGINS_DIR$/python/helpers/typeshed/third_party/2and3" />
      </CLASSES>
      <JAVADOC />
      <SOURCES>
        <root url="file://$USER_HOME$/AppData/Local/Programs/Python/Python37/DLLs" />
        <root url="file://$USER_HOME$/AppData/Local/Programs/Python/Python37/Lib" />
        <root url="file://$USER_HOME$/AppData/Local/Programs/Python/Python37" />
        <root url="file://C:/Asseco/APO/credit-solvency-service/venv" />
        <root url="file://C:/Asseco/APO/credit-solvency-service/venv/Lib/site-packages" />
        <root url="jar://C:/Asseco/APO/credit-solvency-service/venv/Lib/site-packages/setuptools-40.8.0-py3.7.egg!/" />
        <root url="file://C:/Asseco/APO/credit-solvency-service/venv/Lib/site-packages/pip-19.0.3-py3.7.egg" />
        <root url="file://$USER_HOME$/.IntelliJIdea2019.2/system/python_stubs/-2039322757" />
        <root url="file://$APPLICATION_PLUGINS_DIR$/python/helpers/python-skeletons" />
        <root url="file://$APPLICATION_PLUGINS_DIR$/python/helpers/typeshed/stdlib/3" />
        <root url="file://$APPLICATION_PLUGINS_DIR$/python/helpers/typeshed/stdlib/2and3" />
        <root url="file://$APPLICATION_PLUGINS_DIR$/python/helpers/typeshed/third_party/3" />
        <root url="file://$APPLICATION_PLUGINS_DIR$/python/helpers/typeshed/third_party/2and3" />
      </SOURCES>
    </library>
    <library name="Python 3.7 (decision) interpreter library">
      <CLASSES>
        <root url="file://$USER_HOME$/AppData/Local/Programs/Python/Python37/DLLs" />
        <root url="file://$USER_HOME$/AppData/Local/Programs/Python/Python37/Lib" />
        <root url="file://$USER_HOME$/AppData/Local/Programs/Python/Python37" />
        <root url="file://C:/Asseco/APO/decision/venv" />
        <root url="file://C:/Asseco/APO/decision/venv/Lib/site-packages" />
        <root url="jar://C:/Asseco/APO/decision/venv/Lib/site-packages/setuptools-40.8.0-py3.7.egg!/" />
        <root url="file://C:/Asseco/APO/decision/venv/Lib/site-packages/pip-19.0.3-py3.7.egg" />
        <root url="file://$USER_HOME$/.IntelliJIdea2019.2/system/python_stubs/901984834" />
        <root url="file://$APPLICATION_PLUGINS_DIR$/python/helpers/python-skeletons" />
        <root url="file://$APPLICATION_PLUGINS_DIR$/python/helpers/typeshed/stdlib/3" />
        <root url="file://$APPLICATION_PLUGINS_DIR$/python/helpers/typeshed/stdlib/2and3" />
        <root url="file://$APPLICATION_PLUGINS_DIR$/python/helpers/typeshed/third_party/3" />
        <root url="file://$APPLICATION_PLUGINS_DIR$/python/helpers/typeshed/third_party/2and3" />
      </CLASSES>
      <JAVADOC />
      <SOURCES>
        <root url="file://$USER_HOME$/AppData/Local/Programs/Python/Python37/DLLs" />
        <root url="file://$USER_HOME$/AppData/Local/Programs/Python/Python37/Lib" />
        <root url="file://$USER_HOME$/AppData/Local/Programs/Python/Python37" />
        <root url="file://C:/Asseco/APO/decision/venv" />
        <root url="file://C:/Asseco/APO/decision/venv/Lib/site-packages" />
        <root url="jar://C:/Asseco/APO/decision/venv/Lib/site-packages/setuptools-40.8.0-py3.7.egg!/" />
        <root url="file://C:/Asseco/APO/decision/venv/Lib/site-packages/pip-19.0.3-py3.7.egg" />
        <root url="file://$USER_HOME$/.IntelliJIdea2019.2/system/python_stubs/901984834" />
        <root url="file://$APPLICATION_PLUGINS_DIR$/python/helpers/python-skeletons" />
        <root url="file://$APPLICATION_PLUGINS_DIR$/python/helpers/typeshed/stdlib/3" />
        <root url="file://$APPLICATION_PLUGINS_DIR$/python/helpers/typeshed/stdlib/2and3" />
        <root url="file://$APPLICATION_PLUGINS_DIR$/python/helpers/typeshed/third_party/3" />
        <root url="file://$APPLICATION_PLUGINS_DIR$/python/helpers/typeshed/third_party/2and3" />
      </SOURCES>
    </library>
    <library name="Python 3.7 (fact-controller) interpreter library">
      <CLASSES>
        <root url="file://$USER_HOME$/AppData/Local/Programs/Python/Python37/DLLs" />
        <root url="file://$USER_HOME$/AppData/Local/Programs/Python/Python37/Lib" />
        <root url="file://$USER_HOME$/AppData/Local/Programs/Python/Python37" />
        <root url="file://C:/Asseco/APO/fact-controller/venv" />
        <root url="file://C:/Asseco/APO/fact-controller/venv/Lib/site-packages" />
        <root url="file://$USER_HOME$/AppData/Local/JetBrains/IntelliJIdea2020.1/python_stubs/1918784791" />
        <root url="file://$APPLICATION_PLUGINS_DIR$/python/helpers/python-skeletons" />
        <root url="file://$APPLICATION_PLUGINS_DIR$/python/helpers/typeshed/stdlib/3.7" />
        <root url="file://$APPLICATION_PLUGINS_DIR$/python/helpers/typeshed/stdlib/3" />
        <root url="file://$APPLICATION_PLUGINS_DIR$/python/helpers/typeshed/stdlib/2and3" />
        <root url="file://$APPLICATION_PLUGINS_DIR$/python/helpers/typeshed/third_party/3" />
        <root url="file://$APPLICATION_PLUGINS_DIR$/python/helpers/typeshed/third_party/2and3" />
      </CLASSES>
      <JAVADOC />
      <SOURCES>
        <root url="file://$USER_HOME$/AppData/Local/Programs/Python/Python37/DLLs" />
        <root url="file://$USER_HOME$/AppData/Local/Programs/Python/Python37/Lib" />
        <root url="file://$USER_HOME$/AppData/Local/Programs/Python/Python37" />
        <root url="file://C:/Asseco/APO/fact-controller/venv" />
        <root url="file://C:/Asseco/APO/fact-controller/venv/Lib/site-packages" />
        <root url="file://$USER_HOME$/AppData/Local/JetBrains/IntelliJIdea2020.1/python_stubs/1918784791" />
        <root url="file://$APPLICATION_PLUGINS_DIR$/python/helpers/python-skeletons" />
        <root url="file://$APPLICATION_PLUGINS_DIR$/python/helpers/typeshed/stdlib/3.7" />
        <root url="file://$APPLICATION_PLUGINS_DIR$/python/helpers/typeshed/stdlib/3" />
        <root url="file://$APPLICATION_PLUGINS_DIR$/python/helpers/typeshed/stdlib/2and3" />
        <root url="file://$APPLICATION_PLUGINS_DIR$/python/helpers/typeshed/third_party/3" />
        <root url="file://$APPLICATION_PLUGINS_DIR$/python/helpers/typeshed/third_party/2and3" />
      </SOURCES>
    </library>
    <library name="Python 3.7 (financial-obligations-controller) interpreter library">
      <CLASSES>
        <root url="file://$USER_HOME$/AppData/Local/Programs/Python/Python37/DLLs" />
        <root url="file://$USER_HOME$/AppData/Local/Programs/Python/Python37/Lib" />
        <root url="file://$USER_HOME$/AppData/Local/Programs/Python/Python37" />
        <root url="file://C:/Asseco/APO/financial-obligations-controller/venv" />
        <root url="file://C:/Asseco/APO/financial-obligations-controller/venv/Lib/site-packages" />
        <root url="jar://C:/Asseco/APO/financial-obligations-controller/venv/Lib/site-packages/setuptools-40.8.0-py3.7.egg!/" />
        <root url="file://C:/Asseco/APO/financial-obligations-controller/venv/Lib/site-packages/pip-19.0.3-py3.7.egg" />
        <root url="file://$USER_HOME$/.IntelliJIdea2019.3/system/python_stubs/-830731298" />
        <root url="file://$APPLICATION_PLUGINS_DIR$/python/helpers/python-skeletons" />
        <root url="file://$APPLICATION_PLUGINS_DIR$/python/helpers/typeshed/stdlib/3" />
        <root url="file://$APPLICATION_PLUGINS_DIR$/python/helpers/typeshed/stdlib/2and3" />
        <root url="file://$APPLICATION_PLUGINS_DIR$/python/helpers/typeshed/third_party/3" />
        <root url="file://$APPLICATION_PLUGINS_DIR$/python/helpers/typeshed/third_party/2and3" />
      </CLASSES>
      <JAVADOC />
      <SOURCES>
        <root url="file://$USER_HOME$/AppData/Local/Programs/Python/Python37/DLLs" />
        <root url="file://$USER_HOME$/AppData/Local/Programs/Python/Python37/Lib" />
        <root url="file://$USER_HOME$/AppData/Local/Programs/Python/Python37" />
        <root url="file://C:/Asseco/APO/financial-obligations-controller/venv" />
        <root url="file://C:/Asseco/APO/financial-obligations-controller/venv/Lib/site-packages" />
        <root url="jar://C:/Asseco/APO/financial-obligations-controller/venv/Lib/site-packages/setuptools-40.8.0-py3.7.egg!/" />
        <root url="file://C:/Asseco/APO/financial-obligations-controller/venv/Lib/site-packages/pip-19.0.3-py3.7.egg" />
        <root url="file://$USER_HOME$/.IntelliJIdea2019.3/system/python_stubs/-830731298" />
        <root url="file://$APPLICATION_PLUGINS_DIR$/python/helpers/python-skeletons" />
        <root url="file://$APPLICATION_PLUGINS_DIR$/python/helpers/typeshed/stdlib/3" />
        <root url="file://$APPLICATION_PLUGINS_DIR$/python/helpers/typeshed/stdlib/2and3" />
        <root url="file://$APPLICATION_PLUGINS_DIR$/python/helpers/typeshed/third_party/3" />
        <root url="file://$APPLICATION_PLUGINS_DIR$/python/helpers/typeshed/third_party/2and3" />
      </SOURCES>
    </library>
    <library name="Python 3.7 (income-service) interpreter library">
      <CLASSES />
      <JAVADOC />
      <SOURCES />
    </library>
    <library name="Python 3.7 (product-offer) interpreter library">
      <CLASSES>
        <root url="file://$USER_HOME$/AppData/Local/Programs/Python/Python37/DLLs" />
        <root url="file://$USER_HOME$/AppData/Local/Programs/Python/Python37/Lib" />
        <root url="file://$USER_HOME$/AppData/Local/Programs/Python/Python37" />
        <root url="file://C:/Asseco/APO/product-offer/venv" />
        <root url="file://C:/Asseco/APO/product-offer/venv/Lib/site-packages" />
        <root url="file://$USER_HOME$/AppData/Local/JetBrains/IntelliJIdea2020.1/python_stubs/-1473105160" />
        <root url="file://$APPLICATION_PLUGINS_DIR$/python/helpers/python-skeletons" />
        <root url="file://$APPLICATION_PLUGINS_DIR$/python/helpers/typeshed/stdlib/3.7" />
        <root url="file://$APPLICATION_PLUGINS_DIR$/python/helpers/typeshed/stdlib/3" />
        <root url="file://$APPLICATION_PLUGINS_DIR$/python/helpers/typeshed/stdlib/2and3" />
        <root url="file://$APPLICATION_PLUGINS_DIR$/python/helpers/typeshed/third_party/3" />
        <root url="file://$APPLICATION_PLUGINS_DIR$/python/helpers/typeshed/third_party/2and3" />
      </CLASSES>
      <JAVADOC />
      <SOURCES>
        <root url="file://$USER_HOME$/AppData/Local/Programs/Python/Python37/DLLs" />
        <root url="file://$USER_HOME$/AppData/Local/Programs/Python/Python37/Lib" />
        <root url="file://$USER_HOME$/AppData/Local/Programs/Python/Python37" />
        <root url="file://C:/Asseco/APO/product-offer/venv" />
        <root url="file://C:/Asseco/APO/product-offer/venv/Lib/site-packages" />
        <root url="file://$USER_HOME$/AppData/Local/JetBrains/IntelliJIdea2020.1/python_stubs/-1473105160" />
        <root url="file://$APPLICATION_PLUGINS_DIR$/python/helpers/python-skeletons" />
        <root url="file://$APPLICATION_PLUGINS_DIR$/python/helpers/typeshed/stdlib/3.7" />
        <root url="file://$APPLICATION_PLUGINS_DIR$/python/helpers/typeshed/stdlib/3" />
        <root url="file://$APPLICATION_PLUGINS_DIR$/python/helpers/typeshed/stdlib/2and3" />
        <root url="file://$APPLICATION_PLUGINS_DIR$/python/helpers/typeshed/third_party/3" />
        <root url="file://$APPLICATION_PLUGINS_DIR$/python/helpers/typeshed/third_party/2and3" />
      </SOURCES>
    </library>
    <library name="Python 3.7 (request-generator) interpreter library">
      <CLASSES>
        <root url="file://$USER_HOME$/AppData/Local/Programs/Python/Python37/DLLs" />
        <root url="file://$USER_HOME$/AppData/Local/Programs/Python/Python37/Lib" />
        <root url="file://$USER_HOME$/AppData/Local/Programs/Python/Python37" />
        <root url="file://C:/Asseco/APO/request-generator/venv" />
        <root url="file://C:/Asseco/APO/request-generator/venv/Lib/site-packages" />
        <root url="jar://C:/Asseco/APO/request-generator/venv/Lib/site-packages/setuptools-40.8.0-py3.7.egg!/" />
        <root url="file://C:/Asseco/APO/request-generator/venv/Lib/site-packages/pip-19.0.3-py3.7.egg" />
        <root url="file://$USER_HOME$/.IntelliJIdea2019.2/system/python_stubs/-1190955505" />
        <root url="file://$APPLICATION_PLUGINS_DIR$/python/helpers/python-skeletons" />
        <root url="file://$APPLICATION_PLUGINS_DIR$/python/helpers/typeshed/stdlib/3" />
        <root url="file://$APPLICATION_PLUGINS_DIR$/python/helpers/typeshed/stdlib/2and3" />
        <root url="file://$APPLICATION_PLUGINS_DIR$/python/helpers/typeshed/third_party/3" />
        <root url="file://$APPLICATION_PLUGINS_DIR$/python/helpers/typeshed/third_party/2and3" />
      </CLASSES>
      <JAVADOC />
      <SOURCES>
        <root url="file://$USER_HOME$/AppData/Local/Programs/Python/Python37/DLLs" />
        <root url="file://$USER_HOME$/AppData/Local/Programs/Python/Python37/Lib" />
        <root url="file://$USER_HOME$/AppData/Local/Programs/Python/Python37" />
        <root url="file://C:/Asseco/APO/request-generator/venv" />
        <root url="file://C:/Asseco/APO/request-generator/venv/Lib/site-packages" />
        <root url="jar://C:/Asseco/APO/request-generator/venv/Lib/site-packages/setuptools-40.8.0-py3.7.egg!/" />
        <root url="file://C:/Asseco/APO/request-generator/venv/Lib/site-packages/pip-19.0.3-py3.7.egg" />
        <root url="file://$USER_HOME$/.IntelliJIdea2019.2/system/python_stubs/-1190955505" />
        <root url="file://$APPLICATION_PLUGINS_DIR$/python/helpers/python-skeletons" />
        <root url="file://$APPLICATION_PLUGINS_DIR$/python/helpers/typeshed/stdlib/3" />
        <root url="file://$APPLICATION_PLUGINS_DIR$/python/helpers/typeshed/stdlib/2and3" />
        <root url="file://$APPLICATION_PLUGINS_DIR$/python/helpers/typeshed/third_party/3" />
        <root url="file://$APPLICATION_PLUGINS_DIR$/python/helpers/typeshed/third_party/2and3" />
      </SOURCES>
    </library>
    <library name="Python 3.7 (requirements-service) interpreter library">
      <CLASSES>
        <root url="file://$USER_HOME$/AppData/Local/Programs/Python/Python37/DLLs" />
        <root url="file://$USER_HOME$/AppData/Local/Programs/Python/Python37/Lib" />
        <root url="file://$USER_HOME$/AppData/Local/Programs/Python/Python37" />
        <root url="file://C:/Asseco/APO/requirements-service/venv" />
        <root url="file://C:/Asseco/APO/requirements-service/venv/Lib/site-packages" />
        <root url="jar://C:/Asseco/APO/requirements-service/venv/Lib/site-packages/setuptools-40.8.0-py3.7.egg!/" />
        <root url="file://C:/Asseco/APO/requirements-service/venv/Lib/site-packages/pip-19.0.3-py3.7.egg" />
        <root url="file://$USER_HOME$/.IntelliJIdea2019.2/system/python_stubs/1369048030" />
        <root url="file://$APPLICATION_PLUGINS_DIR$/python/helpers/python-skeletons" />
        <root url="file://$APPLICATION_PLUGINS_DIR$/python/helpers/typeshed/stdlib/3" />
        <root url="file://$APPLICATION_PLUGINS_DIR$/python/helpers/typeshed/stdlib/2and3" />
        <root url="file://$APPLICATION_PLUGINS_DIR$/python/helpers/typeshed/third_party/3" />
        <root url="file://$APPLICATION_PLUGINS_DIR$/python/helpers/typeshed/third_party/2and3" />
      </CLASSES>
      <JAVADOC />
      <SOURCES>
        <root url="file://$USER_HOME$/AppData/Local/Programs/Python/Python37/DLLs" />
        <root url="file://$USER_HOME$/AppData/Local/Programs/Python/Python37/Lib" />
        <root url="file://$USER_HOME$/AppData/Local/Programs/Python/Python37" />
        <root url="file://C:/Asseco/APO/requirements-service/venv" />
        <root url="file://C:/Asseco/APO/requirements-service/venv/Lib/site-packages" />
        <root url="jar://C:/Asseco/APO/requirements-service/venv/Lib/site-packages/setuptools-40.8.0-py3.7.egg!/" />
        <root url="file://C:/Asseco/APO/requirements-service/venv/Lib/site-packages/pip-19.0.3-py3.7.egg" />
        <root url="file://$USER_HOME$/.IntelliJIdea2019.2/system/python_stubs/1369048030" />
        <root url="file://$APPLICATION_PLUGINS_DIR$/python/helpers/python-skeletons" />
        <root url="file://$APPLICATION_PLUGINS_DIR$/python/helpers/typeshed/stdlib/3" />
        <root url="file://$APPLICATION_PLUGINS_DIR$/python/helpers/typeshed/stdlib/2and3" />
        <root url="file://$APPLICATION_PLUGINS_DIR$/python/helpers/typeshed/third_party/3" />
        <root url="file://$APPLICATION_PLUGINS_DIR$/python/helpers/typeshed/third_party/2and3" />
      </SOURCES>
    </library>
    <library name="Python 3.7 (simulation-service) interpreter library">
      <CLASSES>
        <root url="file://$USER_HOME$/AppData/Local/Programs/Python/Python37/DLLs" />
        <root url="file://$USER_HOME$/AppData/Local/Programs/Python/Python37/Lib" />
        <root url="file://$USER_HOME$/AppData/Local/Programs/Python/Python37" />
        <root url="file://C:/Asseco/APO/simulation-service/venv" />
        <root url="file://C:/Asseco/APO/simulation-service/venv/Lib/site-packages" />
        <root url="file://$USER_HOME$/AppData/Local/JetBrains/IntelliJIdea2020.1/python_stubs/-1466954027" />
        <root url="file://$APPLICATION_PLUGINS_DIR$/python/helpers/python-skeletons" />
        <root url="file://$APPLICATION_PLUGINS_DIR$/python/helpers/typeshed/stdlib/3.7" />
        <root url="file://$APPLICATION_PLUGINS_DIR$/python/helpers/typeshed/stdlib/3" />
        <root url="file://$APPLICATION_PLUGINS_DIR$/python/helpers/typeshed/stdlib/2and3" />
        <root url="file://$APPLICATION_PLUGINS_DIR$/python/helpers/typeshed/third_party/3" />
        <root url="file://$APPLICATION_PLUGINS_DIR$/python/helpers/typeshed/third_party/2and3" />
      </CLASSES>
      <JAVADOC />
      <SOURCES>
        <root url="file://$USER_HOME$/AppData/Local/Programs/Python/Python37/DLLs" />
        <root url="file://$USER_HOME$/AppData/Local/Programs/Python/Python37/Lib" />
        <root url="file://$USER_HOME$/AppData/Local/Programs/Python/Python37" />
        <root url="file://C:/Asseco/APO/simulation-service/venv" />
        <root url="file://C:/Asseco/APO/simulation-service/venv/Lib/site-packages" />
        <root url="file://$USER_HOME$/AppData/Local/JetBrains/IntelliJIdea2020.1/python_stubs/-1466954027" />
        <root url="file://$APPLICATION_PLUGINS_DIR$/python/helpers/python-skeletons" />
        <root url="file://$APPLICATION_PLUGINS_DIR$/python/helpers/typeshed/stdlib/3.7" />
        <root url="file://$APPLICATION_PLUGINS_DIR$/python/helpers/typeshed/stdlib/3" />
        <root url="file://$APPLICATION_PLUGINS_DIR$/python/helpers/typeshed/stdlib/2and3" />
        <root url="file://$APPLICATION_PLUGINS_DIR$/python/helpers/typeshed/third_party/3" />
        <root url="file://$APPLICATION_PLUGINS_DIR$/python/helpers/typeshed/third_party/2and3" />
      </SOURCES>
    </library>
    <library name="Python 3.7 (task-coordinator) interpreter library">
      <CLASSES>
        <root url="file://$USER_HOME$/AppData/Local/Programs/Python/Python37/DLLs" />
        <root url="file://$USER_HOME$/AppData/Local/Programs/Python/Python37/Lib" />
        <root url="file://$USER_HOME$/AppData/Local/Programs/Python/Python37" />
        <root url="file://C:/Asseco/APO/task-coordinator/venv" />
        <root url="file://C:/Asseco/APO/task-coordinator/venv/Lib/site-packages" />
        <root url="jar://C:/Asseco/APO/task-coordinator/venv/Lib/site-packages/setuptools-40.8.0-py3.7.egg!/" />
        <root url="file://C:/Asseco/APO/task-coordinator/venv/Lib/site-packages/pip-19.0.3-py3.7.egg" />
        <root url="file://$USER_HOME$/.IntelliJIdea2019.2/system/python_stubs/1143737166" />
        <root url="file://$APPLICATION_PLUGINS_DIR$/python/helpers/python-skeletons" />
        <root url="file://$APPLICATION_PLUGINS_DIR$/python/helpers/typeshed/stdlib/3" />
        <root url="file://$APPLICATION_PLUGINS_DIR$/python/helpers/typeshed/stdlib/2and3" />
        <root url="file://$APPLICATION_PLUGINS_DIR$/python/helpers/typeshed/third_party/3" />
        <root url="file://$APPLICATION_PLUGINS_DIR$/python/helpers/typeshed/third_party/2and3" />
      </CLASSES>
      <JAVADOC />
      <SOURCES>
        <root url="file://$USER_HOME$/AppData/Local/Programs/Python/Python37/DLLs" />
        <root url="file://$USER_HOME$/AppData/Local/Programs/Python/Python37/Lib" />
        <root url="file://$USER_HOME$/AppData/Local/Programs/Python/Python37" />
        <root url="file://C:/Asseco/APO/task-coordinator/venv" />
        <root url="file://C:/Asseco/APO/task-coordinator/venv/Lib/site-packages" />
        <root url="jar://C:/Asseco/APO/task-coordinator/venv/Lib/site-packages/setuptools-40.8.0-py3.7.egg!/" />
        <root url="file://C:/Asseco/APO/task-coordinator/venv/Lib/site-packages/pip-19.0.3-py3.7.egg" />
        <root url="file://$USER_HOME$/.IntelliJIdea2019.2/system/python_stubs/1143737166" />
        <root url="file://$APPLICATION_PLUGINS_DIR$/python/helpers/python-skeletons" />
        <root url="file://$APPLICATION_PLUGINS_DIR$/python/helpers/typeshed/stdlib/3" />
        <root url="file://$APPLICATION_PLUGINS_DIR$/python/helpers/typeshed/stdlib/2and3" />
        <root url="file://$APPLICATION_PLUGINS_DIR$/python/helpers/typeshed/third_party/3" />
        <root url="file://$APPLICATION_PLUGINS_DIR$/python/helpers/typeshed/third_party/2and3" />
      </SOURCES>
    </library>
    <library name="Python 3.7 (token_dealer) interpreter library">
      <CLASSES>
        <root url="file://$USER_HOME$/AppData/Local/Programs/Python/Python37/DLLs" />
        <root url="file://$USER_HOME$/AppData/Local/Programs/Python/Python37/Lib" />
        <root url="file://$USER_HOME$/AppData/Local/Programs/Python/Python37" />
        <root url="file://C:/Asseco/APO/token_dealer/venv" />
        <root url="file://C:/Asseco/APO/token_dealer/venv/Lib/site-packages" />
        <root url="jar://C:/Asseco/APO/token_dealer/venv/Lib/site-packages/setuptools-40.8.0-py3.7.egg!/" />
        <root url="file://C:/Asseco/APO/token_dealer/venv/Lib/site-packages/pip-19.0.3-py3.7.egg" />
        <root url="file://$USER_HOME$/.IntelliJIdea2019.3/system/python_stubs/-2067212923" />
        <root url="file://$APPLICATION_PLUGINS_DIR$/python/helpers/python-skeletons" />
        <root url="file://$APPLICATION_PLUGINS_DIR$/python/helpers/typeshed/stdlib/3" />
        <root url="file://$APPLICATION_PLUGINS_DIR$/python/helpers/typeshed/stdlib/2and3" />
        <root url="file://$APPLICATION_PLUGINS_DIR$/python/helpers/typeshed/third_party/3" />
        <root url="file://$APPLICATION_PLUGINS_DIR$/python/helpers/typeshed/third_party/2and3" />
      </CLASSES>
      <JAVADOC />
      <SOURCES>
        <root url="file://$USER_HOME$/AppData/Local/Programs/Python/Python37/DLLs" />
        <root url="file://$USER_HOME$/AppData/Local/Programs/Python/Python37/Lib" />
        <root url="file://$USER_HOME$/AppData/Local/Programs/Python/Python37" />
        <root url="file://C:/Asseco/APO/token_dealer/venv" />
        <root url="file://C:/Asseco/APO/token_dealer/venv/Lib/site-packages" />
        <root url="jar://C:/Asseco/APO/token_dealer/venv/Lib/site-packages/setuptools-40.8.0-py3.7.egg!/" />
        <root url="file://C:/Asseco/APO/token_dealer/venv/Lib/site-packages/pip-19.0.3-py3.7.egg" />
        <root url="file://$USER_HOME$/.IntelliJIdea2019.3/system/python_stubs/-2067212923" />
        <root url="file://$APPLICATION_PLUGINS_DIR$/python/helpers/python-skeletons" />
        <root url="file://$APPLICATION_PLUGINS_DIR$/python/helpers/typeshed/stdlib/3" />
        <root url="file://$APPLICATION_PLUGINS_DIR$/python/helpers/typeshed/stdlib/2and3" />
        <root url="file://$APPLICATION_PLUGINS_DIR$/python/helpers/typeshed/third_party/3" />
        <root url="file://$APPLICATION_PLUGINS_DIR$/python/helpers/typeshed/third_party/2and3" />
      </SOURCES>
    </library>
  </component>
</application>