<application>
  <component name="FindSettings">
    <option name="customScope" value="All Places" />
    <option name="defaultScopeName" value="All Places" />
    <option name="SEARCH_SCOPE" value="All Places" />
    <option name="FILE_MASK" value="*.kt" />
    <mask>*.properties</mask>
    <mask>*.html</mask>
    <mask>*.jsp</mask>
    <mask>*.js</mask>
    <mask>*.as</mask>
    <mask>*.mxml</mask>
    <mask>*9.3.sql</mask>
    <mask>*DAOImpl.java</mask>
    <mask>*DTO.java</mask>
    <mask>*.css</mask>
    <mask>*validator.java</mask>
    <mask>*Ds.java</mask>
    <mask>*Mapper.java</mask>
    <mask>pom.xml</mask>
    <mask>*.sql</mask>
    <mask>*.ts</mask>
    <mask>*Controller.java</mask>
    <mask>*RestClient.java</mask>
    <mask>*DS.java</mask>
    <mask>*.xml</mask>
    <mask>*Repository.java</mask>
    <mask>*test.kt</mask>
    <mask>*.py</mask>
    <mask>*.java</mask>
    <mask>*.kt</mask>
  </component>
</application>