<application>
  <component name="ProjectManager">
    <defaultProject>
      <component name="DefaultGradleProjectSettings">
        <option name="isMigrated" value="true" />
      </component>
      <component name="GradleLocalSettings">
        <option name="projectSyncType">
          <map>
            <entry key="C:/Asseco/APO/adapters" value="PREVIEW" />
            <entry key="C:/Asseco/APO/adapters/migdzws" value="PREVIEW" />
          </map>
        </option>
      </component>
      <component name="MavenImportPreferences">
        <option name="generalSettings">
          <MavenGeneralSettings>
            <option name="mavenHome" value="C:\Program Files\JetBrains\IntelliJ IDEA 2018.2.6\plugins\maven\lib\maven3" />
          </MavenGeneralSettings>
        </option>
      </component>
      <component name="PropertiesComponent">
        <property name="nodejs_interpreter_path.stuck_in_default_project" value="undefined stuck path" />
        <property name="nodejs_npm_path_reset_for_default_project" value="true" />
        <property name="settings.editor.selected.configurable" value="MavenSettings" />
      </component>
      <component name="masterDetails">
        <states>
          <state key="ProjectJDKs.UI">
            <settings>
              <last-edited>1.8</last-edited>
              <splitter-proportions>
                <option name="proportions">
                  <list>
                    <option value="0.2" />
                  </list>
                </option>
              </splitter-proportions>
            </settings>
          </state>
        </states>
      </component>
    </defaultProject>
  </component>
</application>