<application>
  <component name="GitRememberedInputs">
    <option name="visitedUrls">
      <list>
        <UrlAndUserName>
          <option name="url" value="https://bbrzozowski@bitbucket.pzu.pl/scm/sassistance/olimp.git" />
          <option name="userName" value="" />
        </UrlAndUserName>
        <UrlAndUserName>
          <option name="url" value="https://bbrzozowski@bitbucket.pzu.pl/scm/sassistance/assistance-hades.git" />
          <option name="userName" value="" />
        </UrlAndUserName>
        <UrlAndUserName>
          <option name="url" value="https://bbrzozowski@bitbucket.pzu.pl/scm/sassistance/assistance-common.git" />
          <option name="userName" value="" />
        </UrlAndUserName>
        <UrlAndUserName>
          <option name="url" value="https://brzozos94@bitbucket.org/brzozos94/sms.git" />
          <option name="userName" value="" />
        </UrlAndUserName>
        <UrlAndUserName>
          <option name="url" value="https://brzozos94@bitbucket.org/brzozos94/sms-angular.git" />
          <option name="userName" value="" />
        </UrlAndUserName>
        <UrlAndUserName>
          <option name="url" value="https://github.com/brzozos/mnwiwd.git" />
          <option name="userName" value="" />
        </UrlAndUserName>
        <UrlAndUserName>
          <option name="url" value="http://bitbucket.pzu.pl" />
          <option name="userName" value="bbrzozowski" />
        </UrlAndUserName>
        <UrlAndUserName>
          <option name="url" value="http://bitbucket.dev.dus.corp" />
          <option name="userName" value="bartosz.brzozowski" />
        </UrlAndUserName>
        <UrlAndUserName>
          <option name="url" value="https://github.com/BieLuk/ExpenseApp" />
          <option name="userName" value="" />
        </UrlAndUserName>
      </list>
    </option>
    <option name="cloneParentDir" value="C:\Pyrpel\Projects" />
  </component>
  <component name="Vcs.Log.App.Settings">
    <option name="SHOW_CHANGES_FROM_PARENTS" value="true" />
    <option name="COLUMN_ORDER">
      <list>
        <option value="0" />
        <option value="1" />
        <option value="2" />
        <option value="3" />
      </list>
    </option>
  </component>
  <component name="VcsApplicationSettings">
    <option name="PATCH_STORAGE_LOCATION" value="$USER_HOME$/Downloads" />
    <option name="COMMIT_FROM_LOCAL_CHANGES" value="true" />
  </component>
</application>